,Team,BatAge,R/G,G,PA,AB,R,H,2B,3B,HR,RBI,SB,CS,BB,SO,BA,OBP,SLG,OPS,TB,GDP,HB,SH,SF,IBB,Team,PAge,R/G,W,L,PCT,ERA,RA9,G,GS,GF,CG,SHO,SV,IP,H,R,ER,HR,BB,IBB,SO,HB,BK,WP,BF,WHIP,H9,HR9,BB9,SO9,SO/W,Team,G,CG,PO,A,E,DP,Fld%,PB,SB,CS,CS%,lgCS%,PO.1,Attendance,Managers
0,Yomiuri Giants,29.5,5.53,15,566,499,83,136,26,2,20,81,11,5,58,124,0.273,0.35200000000000004,0.45299999999999996,0.805,226,12,3,6,0,6,Yomiuri Giants,28.4,3.27,10,4,0.7140000000000001,3.27,3.27,15,15,14,1,2,4,135.0,113,49,49,15,45,2,110,5,0,4,554,1.17,7.5,1.0,3.0,7.3,2.44,Yomiuri Giants,15,,405,168,2,12,0.997,0,,,,,,,
1,Yokohama Bay Stars,29.2,4.94,16,613,542,79,158,32,1,17,78,3,4,54,115,0.292,0.358,0.44799999999999995,0.8059999999999999,243,13,6,4,7,5,Yokohama Bay Stars,27.7,3.94,9,7,0.563,3.73,4.05,16,16,16,0,2,4,140.0,128,63,58,14,57,8,114,7,0,6,599,1.321,8.2,0.9,3.7,7.3,2.0,Hanshin Tigers,14,,350,163,5,15,0.99,0,,,,,,,
2,Hiroshima Carp,28.7,4.5,14,550,492,63,138,22,2,17,61,5,2,40,102,0.28,0.342,0.43700000000000006,0.779,215,12,6,12,0,2,Chunichi Dragons,26.9,4.24,7,9,0.43799999999999994,4.14,4.32,17,17,17,0,2,4,150.0,149,72,69,23,62,4,132,6,0,2,653,1.4069999999999998,8.9,1.4,3.7,7.9,2.13,Yokohama Bay Stars,16,,420,187,7,9,0.9890000000000001,2,,,,,,,
3,Yakult Swallows,29.6,4.5,16,606,526,72,129,22,1,17,70,13,5,63,114,0.245,0.331,0.38799999999999996,0.718,204,9,6,7,4,7,Hiroshima Carp,26.9,4.29,6,7,0.462,4.2,4.43,14,14,12,2,0,1,122.0,120,60,57,16,44,2,94,3,0,1,521,1.344,8.9,1.2,3.2,6.9,2.14,Yakult Swallows,16,,441,173,8,23,0.987,2,,,,,,,
4,Chunichi Dragons,29.1,3.41,17,642,578,58,149,27,3,9,57,3,3,46,116,0.258,0.318,0.36200000000000004,0.68,209,16,6,10,2,7,Yakult Swallows,27.5,4.94,8,7,0.5329999999999999,4.29,4.84,16,16,16,0,0,2,147.0,171,79,70,15,52,6,109,3,1,4,648,1.517,10.5,0.9,3.2,6.7,2.1,Hiroshima Carp,14,,366,152,8,12,0.985,1,,,,,,,
5,Hanshin Tigers,29.8,2.93,14,513,453,41,100,14,1,14,40,13,2,43,83,0.221,0.293,0.349,0.642,158,14,5,8,4,1,Hanshin Tigers,29.6,5.21,4,10,0.28600000000000003,5.01,5.63,14,14,14,0,0,1,116.2,129,73,65,11,44,6,95,8,0,5,515,1.483,10.0,0.8,3.4,7.3,2.16,Chunichi Dragons,17,,450,189,11,16,0.983,1,,,,,,,
6,League Totals,29.3,4.3,92,3490,3090,396,810,143,10,94,387,48,21,304,654,0.262,0.33299999999999996,0.406,0.7390000000000001,1255,76,32,47,17,28,League Totals,27.8,4.3,44,44,0.5,4.09,4.4,92,92,89,3,6,16,810.2,810,396,368,94,304,28,654,32,1,22,3490,1.374,9.0,1.0,3.4,7.3,2.15,League Totals,92,,2432,1032,41,87,0.988,6,,,,,,,
