,Team,BatAge,R/G,G,PA,AB,R,H,2B,3B,HR,RBI,SB,CS,BB,SO,BA,OBP,SLG,OPS,TB,GDP,HB,SH,SF,IBB,Team,PAge,R/G,W,L,PCT,ERA,RA9,G,GS,GF,CG,SHO,SV,IP,H,R,ER,HR,BB,IBB,SO,HB,BK,WP,BF,WHIP,H9,HR9,BB9,SO9,SO/W,Team,G,CG,PO,A,E,DP,Fld%,PB,SB,CS,CS%,lgCS%,PO.1,Attendance,Managers
0,Yomiuri Giants,29.5,5.25,16,603,529,84,139,26,2,20,82,12,6,65,132,0.263,0.34700000000000003,0.433,0.78,229,12,3,6,0,7,Yomiuri Giants,28.4,3.19,10,5,0.667,3.21,3.21,16,16,15,1,2,4,143.0,120,51,51,16,47,2,119,6,0,4,587,1.168,7.6,1.0,3.0,7.5,2.53,Yomiuri Giants,16,,429,176,2,12,0.997,0,,,,,,,
1,Yokohama Bay Stars,29.3,4.78,18,680,599,86,176,35,1,19,85,3,4,63,132,0.294,0.363,0.451,0.8140000000000001,270,14,6,5,7,5,Yokohama Bay Stars,27.7,3.72,10,8,0.556,3.65,3.94,18,18,18,0,2,4,153.0,143,67,62,16,61,9,122,7,0,6,654,1.3330000000000002,8.4,0.9,3.6,7.2,2.0,Yokohama Bay Stars,18,,459,205,7,12,0.99,2,,,,,,,
2,Yakult Swallows,29.5,4.71,17,649,561,80,139,25,2,17,78,16,7,70,124,0.248,0.336,0.39,0.727,219,10,7,7,4,8,Hiroshima Carp,26.7,4.25,6,9,0.4,4.1,4.36,16,16,14,2,0,1,140.1,142,68,64,18,56,2,109,3,0,1,608,1.411,9.1,1.2,3.6,7.0,1.95,Yakult Swallows,17,,468,177,8,23,0.988,2,,,,,,,
3,Hiroshima Carp,28.8,4.13,16,618,557,66,150,24,2,18,64,5,4,42,116,0.26899999999999996,0.327,0.41700000000000004,0.7440000000000001,232,13,6,13,0,2,Chunichi Dragons,27.0,4.32,8,10,0.444,4.21,4.37,19,19,19,0,2,4,169.0,163,82,79,24,69,5,150,7,0,3,729,1.3730000000000002,8.7,1.3,3.7,8.0,2.17,Hanshin Tigers,16,,392,179,7,16,0.988,0,,,,,,,
4,Chunichi Dragons,29.0,3.53,19,724,645,67,167,31,3,11,66,3,4,56,131,0.259,0.322,0.36700000000000005,0.69,237,17,6,13,4,7,Hanshin Tigers,29.8,4.75,6,10,0.375,4.68,5.23,16,16,15,1,0,2,130.2,136,76,68,12,53,7,107,8,0,5,572,1.446,9.4,0.8,3.7,7.4,2.02,Hiroshima Carp,16,,421,172,9,13,0.985,1,,,,,,,
5,Hanshin Tigers,29.7,2.88,16,566,501,46,114,17,2,17,45,13,3,47,94,0.228,0.299,0.371,0.6709999999999999,186,15,6,8,4,2,Yakult Swallows,27.7,5.0,9,7,0.563,4.38,4.9,17,17,17,0,0,3,156.0,181,85,76,16,57,6,122,3,1,4,690,1.526,10.4,0.9,3.3,7.0,2.14,Chunichi Dragons,19,,507,218,11,17,0.985,2,,,,,,,
6,League Totals,29.3,4.21,102,3840,3392,429,885,158,12,102,420,52,28,343,729,0.261,0.33299999999999996,0.405,0.738,1373,81,34,52,19,31,League Totals,27.8,4.21,49,49,0.5,4.04,4.33,102,102,98,4,6,18,892.0,885,429,400,102,343,31,729,34,1,23,3840,1.3769999999999998,8.9,1.0,3.5,7.4,2.13,League Totals,102,,2676,1127,44,93,0.9890000000000001,7,,,,,,,
