,Team,BatAge,R/G,G,PA,AB,R,H,2B,3B,HR,RBI,SB,CS,BB,SO,BA,OBP,SLG,OPS,TB,GDP,HB,SH,SF,IBB,Team,PAge,R/G,W,L,PCT,ERA,RA9,G,GS,GF,CG,SHO,SV,IP,H,R,ER,HR,BB,IBB,SO,HB,BK,WP,BF,WHIP,H9,HR9,BB9,SO9,SO/W,Team,G,CG,PO,A,E,DP,Fld%,PB,SB,CS,CS%,lgCS%,PO.1,Attendance,Managers
0,Yomiuri Giants,29.6,5.45,22,829,722,120,192,33,2,29,113,15,8,92,182,0.266,0.35100000000000003,0.43799999999999994,0.789,316,19,3,11,1,8,Yomiuri Giants,28.5,3.23,14,7,0.667,3.25,3.29,22,22,21,1,2,5,194.0,168,71,70,21,68,2,160,8,0,5,804,1.216,7.8,1.0,3.2,7.4,2.35,Yomiuri Giants,22,,582,227,3,17,0.996,0,,,,,,,
1,Hiroshima Carp,28.7,4.91,22,874,784,108,227,48,4,24,106,9,5,66,158,0.29,0.35,0.45299999999999996,0.8029999999999999,355,16,7,17,0,3,Yokohama Bay Stars,27.7,3.58,12,12,0.5,3.58,3.85,24,24,23,1,2,6,201.0,189,86,80,19,77,12,171,8,0,7,853,1.3230000000000002,8.5,0.9,3.4,7.7,2.22,Yakult Swallows,23,,621,238,9,29,0.99,2,,,,,,,
2,Yakult Swallows,29.5,4.78,23,891,770,110,193,35,3,21,108,18,10,96,177,0.251,0.33799999999999997,0.386,0.7240000000000001,297,12,9,10,6,9,Hanshin Tigers,29.7,4.45,10,12,0.455,4.29,4.78,22,22,21,1,0,6,184.2,185,98,88,16,76,8,153,8,1,7,804,1.413,9.0,0.8,3.7,7.5,2.01,Yokohama Bay Stars,24,,603,259,9,16,0.99,2,,,,,,,
3,Yokohama Bay Stars,29.3,4.08,24,887,788,98,222,40,1,21,96,4,4,78,175,0.282,0.349,0.415,0.764,327,23,7,7,7,5,Chunichi Dragons,26.7,4.72,10,14,0.41700000000000004,4.5,4.78,25,25,25,0,3,5,222.0,233,118,111,26,89,5,195,9,0,6,971,1.45,9.4,1.1,3.6,7.9,2.19,Chunichi Dragons,25,,666,288,13,24,0.987,2,,,,,,,
4,Chunichi Dragons,28.9,3.48,25,940,839,87,216,37,3,14,85,5,5,72,182,0.257,0.319,0.359,0.677,301,22,7,14,8,9,Hiroshima Carp,26.6,4.73,9,12,0.429,4.45,4.82,22,22,20,2,0,1,194.1,201,104,96,25,84,3,169,3,0,4,855,1.4669999999999999,9.3,1.2,3.9,7.8,2.01,Hanshin Tigers,22,,554,255,12,20,0.985,0,,,,,,,
5,Hanshin Tigers,29.6,3.23,22,784,695,71,169,27,3,23,69,15,6,67,140,0.243,0.313,0.39,0.703,271,18,6,10,6,3,Yakult Swallows,27.5,5.09,12,10,0.545,4.7,5.09,23,23,23,0,0,4,207.0,243,117,108,25,77,7,166,3,1,4,918,1.546,10.6,1.1,3.3,7.2,2.16,Hiroshima Carp,22,,583,239,15,18,0.982,1,,,,,,,
6,League Totals,29.3,4.3,138,5205,4598,594,1219,220,16,132,577,66,38,471,1014,0.265,0.337,0.406,0.743,1867,110,39,69,28,37,League Totals,27.7,4.3,67,67,0.5,4.14,4.44,138,138,133,5,7,27,1203.0,1219,594,553,132,471,37,1014,39,2,33,5205,1.405,9.1,1.0,3.5,7.6,2.15,League Totals,138,,3609,1506,61,124,0.988,7,,,,,,,
