,Team,BatAge,R/G,G,PA,AB,R,H,2B,3B,HR,RBI,SB,CS,BB,SO,BA,OBP,SLG,OPS,TB,GDP,HB,SH,SF,IBB,Team,PAge,R/G,W,L,PCT,ERA,RA9,G,GS,GF,CG,SHO,SV,IP,H,R,ER,HR,BB,IBB,SO,HB,BK,WP,BF,WHIP,H9,HR9,BB9,SO9,SO/W,Team,G,CG,PO,A,E,DP,Fld%,PB,SB,CS,CS%,lgCS%,PO.1,Attendance,Managers
0,Yomiuri Giants,29.5,5.18,17,638,563,88,148,28,2,21,86,12,6,66,141,0.263,0.34299999999999997,0.43200000000000005,0.775,243,15,3,6,0,7,Yomiuri Giants,28.4,3.53,10,6,0.625,3.49,3.55,17,17,16,1,2,4,152.0,130,60,59,17,52,2,132,6,0,4,629,1.197,7.7,1.0,3.1,7.8,2.54,Yomiuri Giants,17,,456,182,3,12,0.995,0,,,,,,,
1,Hiroshima Carp,28.7,5.0,17,676,606,85,173,30,3,19,83,7,4,49,120,0.285,0.34600000000000003,0.439,0.785,266,13,7,14,0,2,Yokohama Bay Stars,27.7,3.63,11,8,0.579,3.56,3.83,19,19,19,0,2,5,162.0,151,69,64,17,64,9,129,7,0,6,692,1.327,8.4,0.9,3.6,7.2,2.02,Yokohama Bay Stars,19,,486,215,7,12,0.99,2,,,,,,,
2,Yakult Swallows,29.6,4.94,18,691,597,89,149,28,3,18,87,16,8,75,137,0.25,0.33799999999999997,0.397,0.735,237,10,7,7,5,8,Hiroshima Carp,26.6,4.24,7,9,0.43799999999999994,4.1,4.34,17,17,15,2,0,1,149.1,152,72,68,19,58,2,116,3,0,1,645,1.406,9.2,1.1,3.5,7.0,2.0,Yakult Swallows,18,,495,186,9,26,0.987,2,,,,,,,
3,Yokohama Bay Stars,29.3,4.74,19,721,636,90,186,37,1,20,88,3,4,67,142,0.292,0.36200000000000004,0.44799999999999995,0.81,285,14,6,5,7,5,Hanshin Tigers,29.8,4.71,6,11,0.353,4.58,5.16,17,17,16,1,0,2,139.2,146,80,71,13,57,7,117,8,0,5,613,1.453,9.4,0.8,3.7,7.5,2.05,Hanshin Tigers,17,,419,187,8,16,0.987,0,,,,,,,
4,Chunichi Dragons,29.0,3.55,20,761,678,71,177,32,3,12,70,3,4,58,138,0.261,0.322,0.37,0.6920000000000001,251,19,6,13,6,7,Yakult Swallows,27.6,4.94,10,7,0.588,4.36,4.85,18,18,18,0,0,3,165.0,190,89,80,17,58,6,131,3,1,4,725,1.5030000000000001,10.4,0.9,3.2,7.1,2.26,Hiroshima Carp,17,,448,184,9,15,0.986,1,,,,,,,
5,Hanshin Tigers,29.7,2.82,17,604,536,48,122,19,2,18,47,13,3,50,101,0.228,0.299,0.371,0.67,199,15,6,8,4,2,Chunichi Dragons,26.9,5.05,8,11,0.42100000000000004,4.96,5.11,20,20,20,0,2,4,178.0,186,101,98,25,76,5,154,8,0,3,787,1.472,9.4,1.3,3.8,7.8,2.03,Chunichi Dragons,20,,534,232,11,17,0.986,2,,,,,,,
6,League Totals,29.3,4.36,108,4091,3616,471,955,174,14,108,461,54,29,365,779,0.264,0.336,0.41,0.745,1481,86,35,53,22,31,League Totals,27.8,4.36,52,52,0.5,4.19,4.48,108,108,104,4,6,19,946.0,955,471,440,108,365,31,779,35,1,23,4091,1.395,9.1,1.0,3.5,7.4,2.13,League Totals,108,,2838,1186,47,98,0.988,7,,,,,,,
